,neck,sleeve_length,pattern
0,6.0,-1.0,4.0
1,5.0,3.0,9.0
2,-1.0,0.0,9.0
3,6.0,3.0,9.0
4,1.0,3.0,-1.0
5,5.0,3.0,9.0
6,-1.0,-1.0,9.0
7,4.0,3.0,9.0
8,6.0,-1.0,9.0
9,6.0,3.0,-1.0
10,6.0,3.0,8.0
11,5.0,3.0,9.0
12,1.0,3.0,9.0
13,6.0,-1.0,9.0
14,6.0,3.0,9.0
15,6.0,1.0,-1.0
16,4.0,3.0,9.0
17,-1.0,0.0,9.0
18,-1.0,-1.0,9.0
19,-1.0,3.0,-1.0
20,6.0,2.0,-1.0
21,6.0,-1.0,4.0
22,6.0,3.0,-1.0
23,1.0,3.0,9.0
24,0.0,3.0,9.0
25,5.0,3.0,9.0
26,2.0,3.0,-1.0
27,6.0,-1.0,3.0
28,4.0,3.0,9.0
29,-1.0,-1.0,9.0
30,4.0,3.0,9.0
31,6.0,3.0,-1.0
32,6.0,3.0,9.0
33,2.0,3.0,-1.0
34,-1.0,3.0,9.0
35,6.0,3.0,-1.0
36,5.0,3.0,9.0
37,-1.0,3.0,9.0
38,6.0,3.0,9.0
39,6.0,0.0,-1.0
40,6.0,3.0,6.0
41,6.0,3.0,9.0
42,6.0,1.0,9.0
43,6.0,3.0,-1.0
44,-1.0,-1.0,9.0
45,1.0,3.0,9.0
46,3.0,3.0,9.0
47,-1.0,3.0,9.0
48,6.0,0.0,9.0
49,6.0,1.0,9.0
50,4.0,3.0,9.0
51,-1.0,3.0,-1.0
52,6.0,-1.0,-1.0
53,-1.0,3.0,8.0
54,-1.0,2.0,-1.0
55,-1.0,-1.0,-1.0
56,4.0,3.0,9.0
57,2.0,3.0,9.0
58,3.0,-1.0,9.0
59,2.0,3.0,9.0
60,1.0,3.0,9.0
61,6.0,3.0,3.0
62,-1.0,3.0,-1.0
63,2.0,3.0,9.0
64,2.0,3.0,-1.0
65,-1.0,3.0,9.0
66,0.0,3.0,-1.0
67,0.0,3.0,-1.0
68,-1.0,3.0,9.0
69,4.0,-1.0,-1.0
70,6.0,3.0,9.0
71,2.0,-1.0,9.0
72,6.0,3.0,9.0
73,6.0,3.0,9.0
74,6.0,-1.0,4.0
75,6.0,3.0,9.0
76,-1.0,0.0,9.0
77,6.0,-1.0,3.0
78,6.0,3.0,-1.0
79,1.0,-1.0,9.0
80,6.0,3.0,-1.0
81,0.0,3.0,-1.0
82,6.0,-1.0,4.0
83,-1.0,3.0,9.0
84,6.0,3.0,6.0
85,0.0,-1.0,9.0
86,6.0,3.0,9.0
87,4.0,3.0,9.0
88,-1.0,3.0,9.0
89,6.0,0.0,9.0
90,-1.0,3.0,8.0
91,-1.0,3.0,9.0
92,6.0,3.0,7.0
93,4.0,3.0,9.0
94,2.0,3.0,9.0
95,-1.0,3.0,1.0
96,0.0,3.0,9.0
97,6.0,1.0,9.0
98,6.0,1.0,-1.0
99,6.0,1.0,-1.0
100,5.0,3.0,-1.0
101,6.0,3.0,4.0
102,1.0,3.0,9.0
103,3.0,3.0,9.0
104,6.0,3.0,9.0
105,6.0,2.0,9.0
106,6.0,-1.0,9.0
107,6.0,3.0,9.0
108,0.0,3.0,9.0
109,6.0,1.0,9.0
110,6.0,3.0,9.0
111,-1.0,3.0,9.0
112,-1.0,1.0,9.0
113,6.0,2.0,9.0
114,0.0,3.0,9.0
115,6.0,0.0,-1.0
116,6.0,3.0,-1.0
117,6.0,3.0,4.0
118,1.0,3.0,9.0
119,6.0,-1.0,1.0
120,6.0,3.0,9.0
121,6.0,-1.0,9.0
122,0.0,3.0,9.0
123,6.0,3.0,9.0
124,-1.0,3.0,-1.0
125,6.0,3.0,2.0
126,6.0,3.0,9.0
127,-1.0,3.0,-1.0
128,6.0,3.0,9.0
129,-1.0,3.0,-1.0
130,6.0,3.0,2.0
131,-1.0,1.0,9.0
132,6.0,1.0,9.0
133,6.0,3.0,7.0
134,0.0,-1.0,9.0
135,6.0,1.0,9.0
136,6.0,-1.0,-1.0
137,5.0,-1.0,9.0
138,-1.0,3.0,9.0
139,6.0,3.0,9.0
140,5.0,3.0,9.0
141,6.0,-1.0,9.0
142,6.0,3.0,8.0
143,0.0,3.0,9.0
144,6.0,-1.0,9.0
145,6.0,0.0,9.0
146,-1.0,0.0,-1.0
147,6.0,3.0,9.0
148,0.0,-1.0,9.0
149,1.0,3.0,9.0
150,6.0,3.0,9.0
151,3.0,3.0,9.0
152,-1.0,1.0,9.0
153,-1.0,1.0,9.0
154,6.0,3.0,9.0
155,3.0,3.0,9.0
156,4.0,3.0,9.0
157,6.0,-1.0,9.0
158,5.0,3.0,9.0
159,6.0,-1.0,9.0
160,6.0,3.0,9.0
161,1.0,3.0,9.0
162,2.0,-1.0,9.0
163,6.0,3.0,-1.0
164,-1.0,3.0,-1.0
165,6.0,2.0,9.0
166,6.0,2.0,9.0
167,5.0,3.0,9.0
168,6.0,3.0,9.0
169,-1.0,3.0,-1.0
170,6.0,3.0,6.0
171,6.0,3.0,-1.0
172,4.0,3.0,-1.0
173,6.0,2.0,9.0
174,6.0,-1.0,9.0
175,4.0,3.0,9.0
176,6.0,-1.0,-1.0
177,6.0,3.0,-1.0
178,-1.0,2.0,9.0
179,5.0,3.0,9.0
180,6.0,-1.0,9.0
181,-1.0,3.0,9.0
182,3.0,-1.0,-1.0
183,6.0,3.0,2.0
184,4.0,3.0,-1.0
185,6.0,-1.0,-1.0
186,1.0,3.0,9.0
187,6.0,3.0,9.0
188,4.0,3.0,9.0
189,-1.0,3.0,9.0
190,6.0,-1.0,9.0
191,4.0,3.0,9.0
192,-1.0,3.0,0.0
193,6.0,3.0,4.0
194,6.0,3.0,6.0
195,6.0,3.0,9.0
196,6.0,0.0,-1.0
197,4.0,3.0,9.0
198,-1.0,3.0,4.0
199,-1.0,3.0,9.0
200,-1.0,3.0,9.0
201,-1.0,-1.0,-1.0
202,4.0,-1.0,-1.0
203,1.0,3.0,9.0
204,5.0,3.0,-1.0
205,-1.0,-1.0,9.0
206,4.0,3.0,9.0
207,0.0,3.0,9.0
208,4.0,-1.0,9.0
209,-1.0,-1.0,4.0
210,6.0,3.0,2.0
211,6.0,-1.0,3.0
212,6.0,3.0,9.0
213,-1.0,-1.0,1.0
214,-1.0,3.0,9.0
215,4.0,-1.0,9.0
216,0.0,3.0,9.0
217,6.0,3.0,9.0
218,6.0,3.0,9.0
219,-1.0,3.0,-1.0
220,-1.0,3.0,9.0
221,4.0,3.0,9.0
222,1.0,3.0,9.0
223,6.0,1.0,-1.0
224,6.0,1.0,9.0
225,6.0,2.0,-1.0
226,3.0,3.0,9.0
227,6.0,0.0,9.0
228,-1.0,-1.0,9.0
229,3.0,-1.0,9.0
230,6.0,-1.0,-1.0
231,5.0,3.0,9.0
232,0.0,3.0,9.0
233,6.0,3.0,9.0
234,6.0,3.0,9.0
235,6.0,3.0,9.0
236,6.0,1.0,-1.0
237,6.0,3.0,9.0
238,1.0,3.0,9.0
239,-1.0,3.0,9.0
240,4.0,3.0,9.0
241,0.0,-1.0,9.0
242,6.0,3.0,7.0
243,-1.0,3.0,-1.0
244,6.0,3.0,9.0
245,-1.0,3.0,9.0
246,6.0,0.0,-1.0
247,-1.0,3.0,-1.0
248,-1.0,1.0,9.0
249,6.0,3.0,9.0
250,6.0,2.0,9.0
251,-1.0,3.0,1.0
252,4.0,3.0,-1.0
253,6.0,3.0,9.0
254,-1.0,-1.0,9.0
255,5.0,3.0,9.0
256,-1.0,3.0,-1.0
257,6.0,3.0,3.0
258,6.0,-1.0,9.0
259,6.0,2.0,9.0
260,4.0,-1.0,9.0
261,2.0,3.0,9.0
262,6.0,3.0,-1.0
263,0.0,3.0,9.0
264,2.0,3.0,9.0
265,-1.0,-1.0,9.0
266,-1.0,3.0,9.0
267,6.0,3.0,9.0
268,3.0,3.0,9.0
269,1.0,-1.0,9.0
270,6.0,1.0,9.0
271,6.0,3.0,-1.0
272,4.0,3.0,9.0
273,6.0,0.0,9.0
274,-1.0,3.0,-1.0
275,5.0,3.0,9.0
276,6.0,3.0,9.0
277,6.0,3.0,9.0
278,6.0,0.0,9.0
279,6.0,3.0,3.0
280,6.0,-1.0,4.0
281,6.0,-1.0,9.0
282,5.0,3.0,-1.0
283,6.0,0.0,9.0
284,-1.0,3.0,9.0
285,6.0,3.0,9.0
286,3.0,3.0,9.0
287,-1.0,-1.0,9.0
288,-1.0,3.0,9.0
289,1.0,3.0,9.0
290,6.0,2.0,9.0
291,3.0,3.0,-1.0
292,5.0,-1.0,9.0
293,4.0,3.0,9.0
294,6.0,-1.0,1.0
295,1.0,3.0,9.0
296,2.0,-1.0,9.0
297,6.0,0.0,9.0
298,6.0,-1.0,9.0
299,6.0,0.0,9.0
300,0.0,3.0,-1.0
301,3.0,3.0,-1.0
302,6.0,3.0,9.0
303,-1.0,3.0,5.0
304,5.0,3.0,9.0
305,6.0,1.0,9.0
306,-1.0,3.0,9.0
307,6.0,3.0,3.0
308,2.0,3.0,9.0
309,5.0,-1.0,9.0
310,6.0,2.0,9.0
311,6.0,-1.0,6.0
312,4.0,3.0,9.0
313,6.0,2.0,9.0
314,6.0,-1.0,9.0
315,6.0,3.0,9.0
316,-1.0,2.0,-1.0
317,-1.0,3.0,0.0
318,5.0,3.0,9.0
319,6.0,2.0,-1.0
320,6.0,-1.0,4.0
321,6.0,3.0,9.0
322,0.0,3.0,9.0
323,6.0,3.0,8.0
324,1.0,3.0,9.0
325,6.0,3.0,9.0
326,6.0,3.0,5.0
327,-1.0,3.0,1.0
328,6.0,-1.0,5.0
329,6.0,3.0,-1.0
330,6.0,3.0,3.0
331,-1.0,-1.0,-1.0
332,6.0,3.0,0.0
333,6.0,3.0,9.0
334,-1.0,3.0,9.0
335,6.0,3.0,7.0
336,6.0,3.0,9.0
337,3.0,3.0,9.0
338,1.0,3.0,9.0
339,2.0,3.0,9.0
340,6.0,3.0,2.0
341,6.0,3.0,8.0
342,5.0,-1.0,9.0
343,2.0,3.0,-1.0
344,6.0,3.0,6.0
345,6.0,3.0,9.0
346,2.0,3.0,-1.0
347,6.0,2.0,9.0
348,6.0,3.0,6.0
349,6.0,1.0,9.0
350,5.0,3.0,9.0
351,0.0,3.0,9.0
352,-1.0,-1.0,9.0
353,-1.0,3.0,-1.0
354,6.0,-1.0,9.0
355,2.0,3.0,9.0
356,1.0,3.0,9.0
357,5.0,3.0,9.0
358,6.0,3.0,2.0
359,6.0,3.0,-1.0
360,6.0,3.0,-1.0
361,6.0,3.0,9.0
362,6.0,3.0,-1.0
363,6.0,3.0,5.0
364,3.0,-1.0,9.0
365,4.0,3.0,9.0
366,0.0,3.0,9.0
367,5.0,3.0,9.0
368,5.0,3.0,9.0
369,6.0,-1.0,7.0
370,6.0,-1.0,7.0
371,6.0,-1.0,9.0
372,6.0,3.0,9.0
373,2.0,-1.0,9.0
374,6.0,3.0,9.0
375,6.0,1.0,-1.0
376,6.0,2.0,9.0
377,-1.0,3.0,1.0
378,6.0,-1.0,4.0
379,6.0,3.0,-1.0
380,-1.0,2.0,-1.0
381,4.0,-1.0,9.0
382,6.0,-1.0,-1.0
383,6.0,3.0,9.0
384,6.0,-1.0,9.0
385,6.0,3.0,6.0
386,3.0,3.0,9.0
387,4.0,3.0,-1.0
388,-1.0,3.0,9.0
389,6.0,3.0,9.0
390,4.0,-1.0,-1.0
391,-1.0,2.0,9.0
392,6.0,2.0,-1.0
393,5.0,3.0,9.0
394,6.0,3.0,-1.0
395,6.0,1.0,9.0
396,4.0,3.0,9.0
397,5.0,3.0,9.0
398,0.0,3.0,9.0
399,1.0,3.0,9.0
400,6.0,-1.0,9.0
401,-1.0,3.0,9.0
402,3.0,3.0,-1.0
403,-1.0,2.0,9.0
404,6.0,1.0,9.0
405,6.0,3.0,9.0
406,-1.0,3.0,9.0
407,0.0,3.0,9.0
408,6.0,3.0,9.0
409,6.0,2.0,-1.0
410,-1.0,2.0,-1.0
411,6.0,3.0,6.0
412,2.0,3.0,9.0
413,5.0,3.0,9.0
414,6.0,3.0,-1.0
415,3.0,3.0,9.0
416,0.0,3.0,9.0
417,6.0,3.0,1.0
418,4.0,3.0,9.0
419,3.0,3.0,-1.0
420,-1.0,3.0,-1.0
421,1.0,3.0,9.0
422,1.0,3.0,9.0
423,1.0,3.0,9.0
424,6.0,0.0,-1.0
425,-1.0,3.0,9.0
426,6.0,-1.0,-1.0
427,6.0,3.0,-1.0
428,6.0,-1.0,-1.0
429,-1.0,3.0,4.0
430,-1.0,3.0,9.0
431,6.0,3.0,9.0
432,-1.0,0.0,9.0
433,6.0,-1.0,-1.0
434,6.0,-1.0,6.0
435,6.0,2.0,9.0
436,5.0,-1.0,9.0
437,6.0,1.0,9.0
438,6.0,0.0,9.0
439,2.0,3.0,9.0
440,5.0,-1.0,9.0
441,6.0,1.0,9.0
442,5.0,-1.0,-1.0
443,3.0,-1.0,9.0
444,-1.0,1.0,9.0
445,6.0,3.0,9.0
446,6.0,-1.0,6.0
447,3.0,3.0,9.0
448,6.0,3.0,0.0
449,-1.0,3.0,9.0
450,6.0,-1.0,3.0
451,4.0,-1.0,9.0
452,-1.0,3.0,8.0
453,4.0,3.0,9.0
454,6.0,1.0,9.0
455,6.0,2.0,9.0
456,6.0,3.0,9.0
457,6.0,3.0,6.0
458,0.0,3.0,9.0
459,6.0,3.0,9.0
460,1.0,-1.0,9.0
461,6.0,3.0,1.0
462,1.0,3.0,9.0
463,6.0,3.0,9.0
464,3.0,3.0,9.0
465,-1.0,3.0,-1.0
466,-1.0,3.0,3.0
467,-1.0,0.0,9.0
468,1.0,3.0,9.0
469,6.0,3.0,6.0
470,0.0,3.0,9.0
471,6.0,3.0,4.0
472,5.0,3.0,9.0
473,6.0,3.0,9.0
474,6.0,3.0,1.0
475,1.0,3.0,9.0
476,6.0,-1.0,9.0
477,-1.0,3.0,9.0
478,2.0,3.0,-1.0
479,6.0,3.0,-1.0
480,1.0,3.0,9.0
481,2.0,-1.0,9.0
482,4.0,3.0,-1.0
483,6.0,2.0,-1.0
484,6.0,-1.0,-1.0
485,-1.0,-1.0,-1.0
486,-1.0,1.0,9.0
487,-1.0,3.0,9.0
488,6.0,2.0,9.0
489,3.0,3.0,9.0
490,-1.0,-1.0,-1.0
491,6.0,-1.0,9.0
492,5.0,-1.0,9.0
493,-1.0,3.0,9.0
494,2.0,-1.0,9.0
495,4.0,-1.0,9.0
496,1.0,-1.0,-1.0
497,6.0,3.0,6.0
498,6.0,-1.0,9.0
499,3.0,3.0,9.0
500,3.0,3.0,9.0
501,4.0,3.0,9.0
502,6.0,1.0,9.0
503,6.0,3.0,9.0
504,6.0,2.0,9.0
505,-1.0,3.0,9.0
506,6.0,0.0,9.0
507,-1.0,-1.0,-1.0
508,5.0,-1.0,-1.0
509,6.0,-1.0,9.0
510,-1.0,-1.0,-1.0
511,6.0,3.0,0.0
512,5.0,-1.0,9.0
513,5.0,3.0,9.0
514,-1.0,3.0,8.0
515,-1.0,3.0,-1.0
516,3.0,3.0,9.0
517,6.0,1.0,9.0
518,4.0,3.0,9.0
519,-1.0,3.0,-1.0
520,6.0,3.0,9.0
521,6.0,3.0,9.0
522,1.0,3.0,-1.0
523,5.0,3.0,9.0
524,6.0,-1.0,9.0
525,6.0,3.0,7.0
526,3.0,3.0,9.0
527,2.0,3.0,9.0
528,-1.0,3.0,9.0
529,6.0,3.0,-1.0
530,2.0,3.0,-1.0
531,6.0,3.0,-1.0
532,6.0,3.0,2.0
533,6.0,-1.0,9.0
534,2.0,-1.0,9.0
535,5.0,-1.0,9.0
536,0.0,3.0,9.0
537,4.0,3.0,9.0
538,6.0,3.0,4.0
539,6.0,-1.0,5.0
540,6.0,3.0,5.0
541,-1.0,3.0,-1.0
542,-1.0,3.0,9.0
543,6.0,3.0,9.0
544,6.0,1.0,9.0
545,0.0,3.0,9.0
546,6.0,3.0,-1.0
547,3.0,3.0,-1.0
548,-1.0,2.0,-1.0
549,6.0,2.0,-1.0
550,-1.0,-1.0,-1.0
551,-1.0,2.0,9.0
552,-1.0,3.0,9.0
553,6.0,-1.0,9.0
554,0.0,-1.0,9.0
555,6.0,3.0,0.0
556,6.0,-1.0,0.0
557,1.0,3.0,-1.0
558,-1.0,0.0,9.0
559,0.0,3.0,-1.0
560,4.0,3.0,9.0
561,6.0,-1.0,-1.0
562,6.0,3.0,-1.0
563,6.0,0.0,9.0
564,1.0,3.0,9.0
565,-1.0,2.0,9.0
566,6.0,3.0,9.0
567,6.0,3.0,9.0
568,6.0,3.0,9.0
569,6.0,3.0,9.0
570,2.0,3.0,-1.0
571,2.0,3.0,-1.0
572,6.0,3.0,-1.0
573,6.0,3.0,9.0
574,6.0,3.0,9.0
575,6.0,-1.0,8.0
576,6.0,1.0,9.0
577,6.0,-1.0,9.0
578,-1.0,2.0,-1.0
579,3.0,3.0,9.0
580,0.0,3.0,9.0
581,0.0,3.0,-1.0
582,3.0,3.0,9.0
583,3.0,3.0,9.0
584,6.0,-1.0,9.0
585,6.0,3.0,9.0
586,0.0,3.0,9.0
587,4.0,3.0,9.0
588,6.0,3.0,9.0
589,6.0,-1.0,9.0
590,4.0,-1.0,9.0
591,6.0,-1.0,-1.0
592,3.0,3.0,-1.0
593,0.0,3.0,9.0
594,0.0,3.0,9.0
595,6.0,-1.0,8.0
596,6.0,0.0,-1.0
597,5.0,3.0,9.0
598,6.0,-1.0,-1.0
599,3.0,3.0,-1.0
600,-1.0,-1.0,4.0
601,6.0,-1.0,-1.0
602,6.0,3.0,2.0
603,6.0,-1.0,-1.0
604,2.0,3.0,-1.0
605,1.0,-1.0,9.0
606,6.0,2.0,-1.0
607,6.0,3.0,9.0
608,2.0,3.0,9.0
609,2.0,-1.0,9.0
610,6.0,-1.0,9.0
611,-1.0,3.0,2.0
612,4.0,-1.0,9.0
613,-1.0,-1.0,-1.0
614,6.0,-1.0,3.0
615,6.0,3.0,6.0
616,6.0,3.0,-1.0
617,2.0,3.0,9.0
618,1.0,3.0,-1.0
619,6.0,3.0,9.0
620,2.0,-1.0,9.0
621,6.0,0.0,9.0
622,-1.0,3.0,9.0
623,0.0,-1.0,9.0
624,6.0,1.0,9.0
625,6.0,-1.0,9.0
626,6.0,1.0,9.0
627,5.0,3.0,9.0
628,1.0,3.0,9.0
629,6.0,1.0,9.0
630,3.0,3.0,9.0
631,6.0,3.0,-1.0
632,4.0,3.0,9.0
633,-1.0,1.0,9.0
634,1.0,3.0,9.0
635,5.0,3.0,-1.0
636,5.0,-1.0,9.0
637,1.0,3.0,9.0
638,-1.0,1.0,-1.0
639,6.0,1.0,9.0
640,3.0,3.0,9.0
641,-1.0,3.0,1.0
642,6.0,3.0,9.0
643,6.0,0.0,9.0
644,4.0,-1.0,9.0
645,-1.0,3.0,9.0
646,6.0,3.0,8.0
647,-1.0,3.0,-1.0
648,6.0,-1.0,9.0
649,0.0,3.0,9.0
650,-1.0,3.0,9.0
651,6.0,-1.0,0.0
652,6.0,2.0,9.0
653,-1.0,3.0,8.0
654,5.0,3.0,9.0
655,5.0,3.0,9.0
656,-1.0,-1.0,9.0
657,6.0,0.0,9.0
658,-1.0,0.0,9.0
659,0.0,3.0,-1.0
660,5.0,3.0,-1.0
661,6.0,3.0,1.0
662,3.0,3.0,-1.0
663,-1.0,0.0,9.0
664,-1.0,0.0,9.0
665,6.0,3.0,9.0
666,6.0,3.0,1.0
667,-1.0,3.0,8.0
668,4.0,3.0,9.0
669,6.0,3.0,-1.0
670,-1.0,-1.0,9.0
671,6.0,2.0,9.0
672,-1.0,-1.0,9.0
673,6.0,3.0,3.0
674,0.0,3.0,9.0
675,-1.0,-1.0,9.0
676,4.0,3.0,9.0
677,6.0,3.0,-1.0
678,6.0,-1.0,9.0
679,6.0,3.0,9.0
680,2.0,3.0,9.0
681,6.0,0.0,9.0
682,0.0,-1.0,-1.0
683,-1.0,3.0,9.0
684,0.0,3.0,-1.0
685,-1.0,3.0,6.0
686,1.0,3.0,9.0
687,6.0,1.0,9.0
688,6.0,0.0,9.0
689,4.0,3.0,-1.0
690,-1.0,-1.0,9.0
691,-1.0,3.0,9.0
692,4.0,3.0,-1.0
693,6.0,2.0,9.0
694,6.0,0.0,-1.0
695,6.0,3.0,8.0
696,6.0,0.0,9.0
697,1.0,3.0,9.0
698,6.0,3.0,-1.0
699,4.0,3.0,9.0
700,6.0,3.0,5.0
701,5.0,3.0,9.0
702,0.0,3.0,-1.0
703,6.0,-1.0,9.0
704,6.0,-1.0,1.0
705,6.0,3.0,7.0
706,2.0,-1.0,9.0
707,6.0,1.0,9.0
708,-1.0,3.0,3.0
709,6.0,3.0,-1.0
710,6.0,-1.0,1.0
711,-1.0,3.0,-1.0
712,6.0,-1.0,9.0
713,6.0,3.0,0.0
714,1.0,3.0,9.0
715,6.0,0.0,9.0
716,6.0,3.0,1.0
717,5.0,3.0,9.0
718,1.0,3.0,-1.0
719,3.0,3.0,9.0
720,-1.0,3.0,9.0
721,4.0,3.0,-1.0
722,3.0,-1.0,9.0
723,6.0,3.0,-1.0
724,6.0,3.0,5.0
725,6.0,2.0,9.0
726,-1.0,2.0,9.0
727,6.0,3.0,9.0
728,6.0,1.0,9.0
729,1.0,3.0,-1.0
730,6.0,0.0,9.0
731,6.0,-1.0,9.0
732,1.0,3.0,9.0
733,6.0,2.0,9.0
734,1.0,3.0,9.0
735,-1.0,3.0,9.0
736,6.0,2.0,-1.0
737,0.0,3.0,9.0
738,3.0,3.0,9.0
739,-1.0,3.0,9.0
740,-1.0,3.0,9.0
741,6.0,3.0,-1.0
742,6.0,1.0,9.0
743,6.0,3.0,9.0
744,6.0,1.0,9.0
745,6.0,3.0,9.0
746,-1.0,1.0,9.0
747,2.0,3.0,-1.0
748,1.0,-1.0,9.0
749,-1.0,3.0,-1.0
750,6.0,2.0,9.0
751,-1.0,3.0,9.0
752,0.0,3.0,9.0
753,-1.0,3.0,9.0
754,2.0,3.0,9.0
755,6.0,1.0,9.0
756,6.0,3.0,9.0
757,6.0,3.0,5.0
758,6.0,-1.0,9.0
759,-1.0,3.0,9.0
760,6.0,-1.0,9.0
761,6.0,3.0,9.0
762,2.0,3.0,9.0
763,6.0,1.0,9.0
764,0.0,3.0,9.0
765,6.0,2.0,9.0
766,5.0,3.0,9.0
767,4.0,3.0,9.0
768,3.0,3.0,-1.0
769,-1.0,3.0,-1.0
770,-1.0,3.0,9.0
771,4.0,3.0,9.0
772,0.0,3.0,-1.0
773,6.0,-1.0,3.0
774,6.0,3.0,4.0
775,6.0,1.0,9.0
776,6.0,3.0,9.0
777,6.0,3.0,0.0
778,4.0,-1.0,-1.0
779,2.0,3.0,9.0
780,-1.0,-1.0,-1.0
781,6.0,-1.0,9.0
782,6.0,3.0,9.0
783,0.0,-1.0,9.0
784,6.0,-1.0,9.0
785,-1.0,-1.0,8.0
786,6.0,3.0,9.0
787,0.0,3.0,9.0
788,6.0,3.0,9.0
789,6.0,-1.0,9.0
790,4.0,3.0,9.0
791,1.0,3.0,9.0
792,6.0,-1.0,9.0
793,6.0,3.0,4.0
794,6.0,2.0,9.0
795,6.0,3.0,-1.0
796,-1.0,3.0,9.0
797,1.0,-1.0,9.0
798,6.0,3.0,9.0
799,6.0,-1.0,6.0
800,-1.0,2.0,9.0
801,6.0,-1.0,9.0
802,6.0,-1.0,9.0
803,6.0,0.0,9.0
804,6.0,3.0,9.0
805,4.0,3.0,9.0
806,6.0,0.0,9.0
807,0.0,3.0,9.0
808,-1.0,-1.0,9.0
809,3.0,3.0,9.0
810,-1.0,-1.0,-1.0
811,2.0,3.0,9.0
812,6.0,2.0,9.0
813,4.0,3.0,-1.0
814,6.0,3.0,9.0
815,6.0,-1.0,-1.0
816,6.0,3.0,7.0
817,6.0,-1.0,2.0
818,4.0,3.0,9.0
819,0.0,3.0,9.0
820,6.0,3.0,8.0
821,6.0,1.0,9.0
822,6.0,0.0,-1.0
823,-1.0,2.0,9.0
824,-1.0,3.0,6.0
825,-1.0,3.0,9.0
826,6.0,0.0,9.0
827,6.0,-1.0,9.0
828,5.0,3.0,9.0
829,6.0,-1.0,-1.0
830,-1.0,3.0,9.0
831,6.0,3.0,9.0
832,0.0,3.0,9.0
833,6.0,3.0,9.0
834,6.0,2.0,9.0
835,-1.0,3.0,9.0
836,6.0,0.0,9.0
837,-1.0,2.0,9.0
838,0.0,3.0,9.0
839,-1.0,3.0,9.0
840,-1.0,2.0,9.0
841,6.0,3.0,4.0
842,3.0,3.0,-1.0
843,-1.0,3.0,9.0
844,6.0,3.0,9.0
845,6.0,1.0,9.0
846,1.0,-1.0,9.0
847,6.0,1.0,9.0
848,6.0,1.0,9.0
849,6.0,1.0,9.0
850,-1.0,1.0,9.0
851,6.0,3.0,9.0
852,6.0,2.0,9.0
853,-1.0,3.0,9.0
854,6.0,3.0,9.0
855,-1.0,3.0,-1.0
856,-1.0,3.0,9.0
857,4.0,3.0,9.0
858,6.0,3.0,5.0
859,-1.0,1.0,-1.0
860,2.0,3.0,9.0
861,-1.0,3.0,9.0
862,6.0,3.0,9.0
863,5.0,3.0,9.0
864,1.0,3.0,9.0
865,1.0,3.0,9.0
866,6.0,-1.0,2.0
867,1.0,3.0,9.0
868,-1.0,3.0,6.0
869,-1.0,3.0,0.0
870,4.0,3.0,9.0
871,6.0,3.0,9.0
872,6.0,1.0,9.0
873,6.0,0.0,-1.0
874,6.0,3.0,8.0
875,6.0,-1.0,5.0
876,-1.0,3.0,9.0
877,6.0,3.0,-1.0
878,6.0,-1.0,9.0
879,6.0,3.0,9.0
880,-1.0,3.0,9.0
881,6.0,3.0,5.0
882,1.0,3.0,9.0
883,0.0,3.0,9.0
884,6.0,1.0,9.0
885,1.0,-1.0,9.0
886,2.0,3.0,9.0
887,2.0,3.0,-1.0
888,6.0,3.0,-1.0
889,0.0,3.0,9.0
890,-1.0,3.0,9.0
891,3.0,3.0,9.0
892,-1.0,2.0,9.0
893,-1.0,-1.0,-1.0
894,-1.0,0.0,-1.0
895,6.0,-1.0,9.0
896,0.0,3.0,9.0
897,6.0,1.0,9.0
898,6.0,2.0,9.0
899,5.0,3.0,9.0
900,6.0,3.0,1.0
901,6.0,3.0,9.0
902,2.0,3.0,9.0
903,1.0,-1.0,9.0
904,-1.0,-1.0,9.0
905,6.0,3.0,2.0
906,4.0,3.0,9.0
907,6.0,3.0,-1.0
908,6.0,3.0,9.0
909,6.0,-1.0,9.0
910,6.0,3.0,9.0
911,6.0,-1.0,-1.0
912,3.0,3.0,9.0
913,4.0,3.0,-1.0
914,0.0,-1.0,9.0
915,6.0,3.0,-1.0
916,6.0,0.0,9.0
917,-1.0,3.0,4.0
918,6.0,1.0,9.0
919,6.0,0.0,9.0
920,2.0,3.0,9.0
921,6.0,3.0,9.0
922,6.0,3.0,-1.0
923,1.0,3.0,9.0
924,6.0,0.0,9.0
925,6.0,3.0,0.0
926,1.0,-1.0,9.0
927,-1.0,3.0,6.0
928,4.0,3.0,9.0
929,6.0,0.0,9.0
930,6.0,3.0,7.0
931,6.0,3.0,3.0
932,1.0,3.0,-1.0
933,-1.0,3.0,9.0
934,5.0,3.0,9.0
935,-1.0,-1.0,9.0
936,5.0,3.0,9.0
937,6.0,3.0,-1.0
938,6.0,3.0,9.0
939,-1.0,3.0,-1.0
940,6.0,-1.0,9.0
941,-1.0,3.0,9.0
942,6.0,3.0,6.0
943,0.0,3.0,9.0
944,2.0,3.0,9.0
945,2.0,-1.0,9.0
946,5.0,3.0,9.0
947,2.0,3.0,9.0
948,3.0,-1.0,9.0
949,6.0,-1.0,-1.0
950,6.0,3.0,6.0
951,6.0,3.0,-1.0
952,1.0,3.0,9.0
953,3.0,3.0,9.0
954,6.0,3.0,4.0
955,6.0,0.0,-1.0
956,6.0,3.0,-1.0
957,6.0,2.0,9.0
958,1.0,3.0,9.0
959,6.0,-1.0,9.0
960,5.0,3.0,9.0
961,3.0,3.0,9.0
962,-1.0,3.0,3.0
963,1.0,-1.0,9.0
964,1.0,3.0,9.0
965,2.0,3.0,9.0
966,0.0,-1.0,9.0
967,2.0,3.0,9.0
968,6.0,3.0,4.0
969,4.0,3.0,9.0
970,6.0,3.0,9.0
971,6.0,0.0,9.0
972,6.0,2.0,9.0
973,2.0,3.0,9.0
974,6.0,-1.0,-1.0
975,-1.0,3.0,-1.0
976,1.0,3.0,9.0
977,2.0,3.0,-1.0
978,4.0,3.0,9.0
979,6.0,3.0,9.0
980,4.0,3.0,9.0
981,-1.0,3.0,-1.0
982,2.0,3.0,9.0
983,-1.0,3.0,9.0
984,1.0,3.0,9.0
985,1.0,3.0,9.0
986,4.0,3.0,-1.0
987,4.0,3.0,-1.0
988,6.0,3.0,9.0
989,-1.0,-1.0,9.0
990,4.0,3.0,9.0
991,2.0,-1.0,9.0
992,6.0,3.0,9.0
993,-1.0,-1.0,-1.0
994,6.0,3.0,0.0
995,3.0,3.0,9.0
996,3.0,-1.0,9.0
997,3.0,-1.0,-1.0
998,0.0,-1.0,-1.0
999,6.0,1.0,9.0
1000,6.0,3.0,9.0
1001,6.0,0.0,9.0
1002,-1.0,3.0,0.0
1003,6.0,-1.0,9.0
1004,6.0,2.0,9.0
1005,-1.0,3.0,5.0
1006,1.0,3.0,9.0
1007,6.0,3.0,3.0
1008,6.0,3.0,-1.0
1009,6.0,3.0,-1.0
1010,0.0,3.0,9.0
1011,-1.0,0.0,9.0
1012,2.0,3.0,9.0
1013,6.0,-1.0,9.0
1014,6.0,2.0,9.0
1015,6.0,3.0,1.0
1016,6.0,3.0,-1.0
1017,6.0,3.0,-1.0
1018,6.0,2.0,9.0
1019,2.0,3.0,9.0
1020,-1.0,-1.0,9.0
1021,6.0,3.0,9.0
1022,6.0,3.0,9.0
1023,-1.0,3.0,9.0
1024,6.0,-1.0,8.0
1025,6.0,-1.0,-1.0
1026,3.0,3.0,9.0
1027,6.0,3.0,9.0
1028,-1.0,3.0,9.0
1029,-1.0,3.0,9.0
1030,6.0,-1.0,-1.0
1031,2.0,3.0,9.0
1032,6.0,0.0,9.0
1033,6.0,-1.0,9.0
1034,6.0,0.0,9.0
1035,6.0,3.0,9.0
1036,6.0,0.0,-1.0
1037,-1.0,3.0,-1.0
1038,6.0,1.0,-1.0
1039,-1.0,-1.0,5.0
1040,4.0,-1.0,9.0
1041,6.0,3.0,9.0
1042,6.0,0.0,9.0
1043,6.0,1.0,9.0
1044,-1.0,3.0,9.0
1045,-1.0,3.0,9.0
1046,-1.0,3.0,9.0
1047,-1.0,3.0,9.0
1048,6.0,3.0,7.0
1049,6.0,2.0,9.0
1050,6.0,-1.0,5.0
1051,-1.0,3.0,9.0
1052,-1.0,-1.0,9.0
1053,6.0,1.0,-1.0
1054,6.0,0.0,9.0
1055,6.0,-1.0,-1.0
1056,6.0,3.0,8.0
1057,6.0,2.0,-1.0
1058,4.0,3.0,9.0
1059,-1.0,3.0,7.0
1060,-1.0,3.0,9.0
1061,-1.0,3.0,7.0
1062,5.0,3.0,-1.0
1063,6.0,3.0,9.0
1064,0.0,3.0,9.0
1065,-1.0,3.0,9.0
1066,-1.0,2.0,9.0
1067,-1.0,3.0,9.0
1068,6.0,-1.0,2.0
1069,2.0,3.0,9.0
1070,6.0,3.0,9.0
1071,6.0,3.0,7.0
1072,6.0,0.0,9.0
1073,0.0,3.0,9.0
1074,6.0,1.0,9.0
1075,5.0,-1.0,9.0
1076,6.0,-1.0,9.0
1077,6.0,3.0,9.0
1078,6.0,3.0,5.0
1079,6.0,-1.0,9.0
1080,0.0,3.0,9.0
1081,0.0,3.0,9.0
1082,5.0,3.0,-1.0
1083,-1.0,3.0,9.0
1084,6.0,2.0,9.0
1085,5.0,3.0,-1.0
1086,6.0,1.0,9.0
1087,6.0,1.0,9.0
1088,6.0,0.0,9.0
1089,6.0,-1.0,9.0
1090,-1.0,2.0,9.0
1091,5.0,3.0,9.0
1092,2.0,-1.0,9.0
1093,5.0,3.0,-1.0
1094,-1.0,3.0,2.0
1095,0.0,3.0,9.0
1096,6.0,-1.0,9.0
1097,6.0,-1.0,6.0
1098,0.0,3.0,9.0
1099,6.0,1.0,9.0
1100,2.0,3.0,-1.0
1101,-1.0,-1.0,9.0
1102,1.0,3.0,9.0
1103,6.0,3.0,8.0
1104,6.0,-1.0,9.0
1105,-1.0,3.0,-1.0
1106,2.0,3.0,9.0
1107,6.0,2.0,9.0
1108,6.0,-1.0,9.0
1109,6.0,-1.0,9.0
1110,6.0,-1.0,-1.0
1111,6.0,0.0,9.0
1112,5.0,-1.0,9.0
1113,6.0,3.0,3.0
1114,4.0,-1.0,9.0
1115,6.0,0.0,9.0
1116,0.0,3.0,9.0
1117,1.0,3.0,-1.0
1118,-1.0,-1.0,9.0
1119,-1.0,3.0,1.0
1120,6.0,2.0,9.0
1121,6.0,-1.0,-1.0
1122,6.0,3.0,3.0
1123,6.0,0.0,9.0
1124,3.0,3.0,9.0
1125,-1.0,0.0,9.0
1126,-1.0,2.0,9.0
1127,6.0,3.0,7.0
1128,6.0,3.0,-1.0
1129,-1.0,2.0,-1.0
1130,3.0,3.0,9.0
1131,6.0,3.0,6.0
1132,6.0,-1.0,9.0
1133,6.0,2.0,9.0
1134,-1.0,-1.0,4.0
1135,3.0,3.0,9.0
1136,6.0,1.0,9.0
1137,6.0,1.0,9.0
1138,-1.0,3.0,9.0
1139,6.0,1.0,9.0
1140,2.0,3.0,-1.0
1141,-1.0,3.0,3.0
1142,1.0,3.0,9.0
1143,-1.0,3.0,0.0
1144,6.0,3.0,8.0
1145,6.0,-1.0,9.0
1146,6.0,3.0,9.0
1147,-1.0,3.0,-1.0
1148,-1.0,3.0,9.0
1149,6.0,0.0,9.0
1150,5.0,3.0,9.0
1151,6.0,3.0,6.0
1152,6.0,0.0,9.0
1153,6.0,-1.0,9.0
1154,6.0,3.0,6.0
1155,-1.0,-1.0,-1.0
1156,5.0,-1.0,9.0
1157,6.0,3.0,9.0
1158,6.0,2.0,9.0
1159,1.0,-1.0,9.0
1160,6.0,3.0,-1.0
1161,3.0,3.0,9.0
1162,5.0,3.0,-1.0
1163,6.0,3.0,9.0
1164,-1.0,0.0,9.0
1165,-1.0,3.0,9.0
1166,-1.0,0.0,9.0
1167,-1.0,-1.0,8.0
1168,4.0,-1.0,9.0
1169,-1.0,3.0,9.0
1170,-1.0,3.0,9.0
1171,4.0,3.0,9.0
1172,2.0,3.0,9.0
1173,6.0,3.0,9.0
1174,2.0,3.0,-1.0
1175,6.0,-1.0,9.0
1176,-1.0,-1.0,6.0
1177,1.0,3.0,9.0
1178,-1.0,3.0,9.0
1179,6.0,3.0,5.0
1180,6.0,-1.0,9.0
1181,-1.0,3.0,-1.0
1182,6.0,-1.0,9.0
1183,1.0,3.0,9.0
1184,6.0,-1.0,9.0
1185,5.0,3.0,-1.0
1186,5.0,3.0,-1.0
1187,6.0,3.0,-1.0
1188,5.0,3.0,9.0
1189,6.0,3.0,-1.0
1190,-1.0,3.0,-1.0
1191,6.0,-1.0,9.0
1192,6.0,3.0,9.0
1193,6.0,-1.0,9.0
1194,6.0,-1.0,9.0
1195,5.0,3.0,-1.0
1196,5.0,3.0,9.0
1197,1.0,3.0,9.0
1198,0.0,3.0,9.0
1199,6.0,3.0,7.0
1200,-1.0,-1.0,9.0
1201,6.0,-1.0,9.0
1202,-1.0,-1.0,9.0
1203,-1.0,3.0,-1.0
1204,-1.0,3.0,9.0
1205,6.0,3.0,1.0
1206,6.0,0.0,9.0
1207,6.0,0.0,9.0
1208,6.0,3.0,9.0
1209,6.0,2.0,9.0
1210,1.0,3.0,9.0
1211,-1.0,3.0,-1.0
1212,6.0,3.0,9.0
1213,6.0,-1.0,9.0
1214,2.0,3.0,-1.0
1215,-1.0,3.0,-1.0
1216,1.0,3.0,9.0
1217,-1.0,3.0,9.0
1218,6.0,2.0,-1.0
1219,3.0,3.0,9.0
1220,0.0,-1.0,-1.0
1221,6.0,3.0,9.0
1222,6.0,-1.0,2.0
1223,6.0,3.0,-1.0
1224,6.0,3.0,3.0
1225,-1.0,3.0,9.0
1226,-1.0,-1.0,9.0
1227,6.0,-1.0,1.0
1228,6.0,2.0,9.0
1229,4.0,3.0,9.0
1230,-1.0,-1.0,-1.0
1231,-1.0,3.0,7.0
1232,6.0,-1.0,8.0
1233,6.0,0.0,-1.0
1234,4.0,3.0,-1.0
1235,2.0,3.0,9.0
1236,6.0,-1.0,9.0
1237,3.0,3.0,9.0
1238,3.0,3.0,9.0
1239,4.0,3.0,9.0
1240,6.0,0.0,9.0
1241,6.0,1.0,9.0
1242,6.0,2.0,-1.0
1243,3.0,3.0,9.0
1244,2.0,-1.0,9.0
1245,2.0,3.0,9.0
1246,1.0,3.0,9.0
1247,6.0,1.0,9.0
1248,1.0,3.0,9.0
1249,3.0,3.0,-1.0
1250,-1.0,3.0,9.0
1251,-1.0,2.0,9.0
1252,-1.0,3.0,9.0
1253,-1.0,3.0,9.0
1254,6.0,3.0,3.0
1255,6.0,3.0,9.0
1256,6.0,3.0,-1.0
1257,6.0,3.0,9.0
1258,3.0,-1.0,-1.0
1259,-1.0,3.0,9.0
1260,-1.0,3.0,-1.0
1261,6.0,2.0,9.0
1262,4.0,-1.0,9.0
1263,-1.0,3.0,6.0
1264,6.0,3.0,7.0
1265,6.0,-1.0,3.0
1266,6.0,3.0,9.0
1267,6.0,3.0,-1.0
1268,-1.0,3.0,9.0
1269,1.0,-1.0,-1.0
1270,6.0,3.0,9.0
1271,-1.0,-1.0,2.0
1272,2.0,-1.0,9.0
1273,1.0,3.0,-1.0
1274,3.0,3.0,9.0
1275,-1.0,2.0,9.0
1276,6.0,2.0,9.0
1277,-1.0,3.0,9.0
1278,6.0,3.0,4.0
1279,5.0,3.0,-1.0
1280,6.0,3.0,1.0
1281,2.0,-1.0,9.0
1282,6.0,3.0,5.0
1283,6.0,3.0,1.0
1284,4.0,3.0,9.0
1285,2.0,-1.0,9.0
1286,6.0,2.0,9.0
1287,6.0,3.0,9.0
1288,0.0,-1.0,9.0
1289,-1.0,0.0,-1.0
1290,6.0,0.0,9.0
1291,6.0,3.0,9.0
1292,6.0,3.0,1.0
1293,-1.0,2.0,9.0
1294,6.0,-1.0,7.0
1295,5.0,3.0,9.0
1296,6.0,1.0,9.0
1297,1.0,3.0,9.0
1298,-1.0,-1.0,4.0
1299,2.0,3.0,9.0
1300,6.0,3.0,9.0
1301,6.0,2.0,9.0
1302,0.0,-1.0,9.0
1303,6.0,2.0,9.0
1304,-1.0,3.0,-1.0
1305,5.0,3.0,9.0
1306,-1.0,2.0,9.0
1307,6.0,0.0,-1.0
1308,6.0,3.0,5.0
1309,5.0,-1.0,9.0
1310,-1.0,-1.0,7.0
1311,2.0,3.0,-1.0
1312,-1.0,2.0,9.0
1313,2.0,3.0,-1.0
1314,5.0,3.0,9.0
1315,5.0,3.0,9.0
1316,6.0,-1.0,-1.0
1317,6.0,3.0,9.0
1318,6.0,1.0,9.0
1319,1.0,3.0,9.0
1320,-1.0,0.0,9.0
1321,1.0,3.0,9.0
1322,6.0,-1.0,9.0
1323,3.0,3.0,9.0
1324,6.0,3.0,9.0
1325,-1.0,3.0,2.0
1326,3.0,3.0,9.0
1327,6.0,3.0,9.0
1328,-1.0,3.0,6.0
1329,6.0,-1.0,-1.0
1330,6.0,-1.0,7.0
1331,4.0,3.0,9.0
1332,6.0,-1.0,3.0
1333,6.0,3.0,9.0
1334,2.0,3.0,9.0
1335,5.0,-1.0,9.0
1336,6.0,1.0,9.0
1337,4.0,3.0,9.0
1338,6.0,3.0,3.0
1339,6.0,0.0,-1.0
1340,-1.0,3.0,9.0
1341,6.0,3.0,-1.0
1342,5.0,3.0,9.0
1343,3.0,3.0,9.0
1344,-1.0,3.0,9.0
1345,2.0,3.0,9.0
1346,6.0,2.0,-1.0
1347,6.0,3.0,9.0
1348,6.0,3.0,-1.0
1349,-1.0,3.0,-1.0
1350,-1.0,3.0,-1.0
1351,-1.0,3.0,9.0
1352,1.0,3.0,-1.0
1353,6.0,3.0,6.0
1354,3.0,-1.0,9.0
1355,2.0,-1.0,-1.0
1356,6.0,0.0,-1.0
1357,2.0,3.0,9.0
1358,6.0,-1.0,9.0
1359,-1.0,3.0,9.0
1360,3.0,3.0,9.0
1361,2.0,3.0,-1.0
1362,6.0,0.0,-1.0
1363,-1.0,3.0,9.0
1364,6.0,1.0,-1.0
1365,5.0,-1.0,9.0
1366,5.0,3.0,9.0
1367,6.0,3.0,-1.0
1368,6.0,3.0,-1.0
1369,-1.0,1.0,9.0
1370,0.0,3.0,9.0
1371,6.0,-1.0,9.0
1372,6.0,1.0,9.0
1373,6.0,2.0,9.0
1374,6.0,2.0,9.0
1375,3.0,3.0,9.0
1376,6.0,3.0,0.0
1377,6.0,0.0,9.0
1378,1.0,3.0,9.0
1379,2.0,3.0,9.0
1380,6.0,3.0,3.0
1381,-1.0,2.0,9.0
1382,6.0,2.0,9.0
1383,5.0,3.0,9.0
1384,3.0,3.0,-1.0
1385,-1.0,-1.0,-1.0
1386,-1.0,3.0,9.0
1387,6.0,3.0,9.0
1388,6.0,-1.0,9.0
1389,6.0,0.0,-1.0
1390,1.0,3.0,-1.0
1391,-1.0,3.0,-1.0
1392,6.0,3.0,2.0
1393,5.0,3.0,9.0
1394,-1.0,0.0,9.0
1395,6.0,3.0,9.0
1396,-1.0,3.0,9.0
1397,-1.0,3.0,4.0
1398,-1.0,-1.0,9.0
1399,0.0,3.0,9.0
1400,-1.0,3.0,3.0
1401,-1.0,2.0,9.0
1402,-1.0,3.0,-1.0
1403,2.0,3.0,9.0
1404,6.0,3.0,9.0
1405,4.0,3.0,9.0
1406,6.0,3.0,-1.0
1407,-1.0,1.0,9.0
1408,-1.0,3.0,9.0
1409,-1.0,1.0,-1.0
1410,6.0,3.0,9.0
1411,6.0,3.0,6.0
1412,6.0,-1.0,6.0
1413,-1.0,-1.0,9.0
1414,6.0,1.0,9.0
1415,4.0,3.0,9.0
1416,6.0,-1.0,-1.0
1417,6.0,1.0,-1.0
1418,-1.0,3.0,-1.0
1419,6.0,3.0,6.0
1420,6.0,2.0,-1.0
1421,6.0,3.0,9.0
1422,-1.0,3.0,1.0
1423,6.0,2.0,9.0
1424,3.0,3.0,9.0
1425,5.0,3.0,9.0
1426,6.0,2.0,9.0
1427,6.0,1.0,9.0
1428,-1.0,0.0,9.0
1429,-1.0,3.0,9.0
1430,6.0,1.0,9.0
1431,3.0,-1.0,9.0
1432,0.0,3.0,-1.0
1433,6.0,1.0,9.0
1434,-1.0,-1.0,-1.0
1435,6.0,-1.0,9.0
1436,6.0,0.0,9.0
1437,2.0,3.0,9.0
1438,-1.0,2.0,9.0
1439,0.0,3.0,-1.0
1440,0.0,3.0,9.0
1441,6.0,1.0,9.0
1442,6.0,1.0,9.0
1443,6.0,3.0,5.0
1444,6.0,1.0,-1.0
1445,5.0,3.0,9.0
1446,-1.0,3.0,9.0
1447,-1.0,3.0,9.0
1448,2.0,-1.0,9.0
1449,6.0,-1.0,9.0
1450,-1.0,-1.0,-1.0
1451,6.0,2.0,9.0
1452,6.0,3.0,7.0
1453,0.0,3.0,9.0
1454,6.0,3.0,3.0
1455,6.0,1.0,9.0
1456,6.0,3.0,-1.0
1457,6.0,3.0,-1.0
1458,-1.0,3.0,9.0
1459,-1.0,3.0,5.0
1460,2.0,3.0,9.0
1461,6.0,2.0,9.0
1462,6.0,3.0,5.0
1463,6.0,0.0,9.0
1464,3.0,3.0,9.0
1465,3.0,3.0,9.0
1466,1.0,-1.0,9.0
1467,3.0,3.0,9.0
1468,-1.0,1.0,-1.0
1469,6.0,3.0,9.0
1470,3.0,3.0,9.0
1471,4.0,3.0,9.0
1472,2.0,3.0,9.0
1473,0.0,3.0,9.0
1474,6.0,1.0,9.0
1475,6.0,1.0,9.0
1476,-1.0,-1.0,4.0
1477,6.0,2.0,9.0
1478,3.0,3.0,9.0
1479,6.0,-1.0,9.0
1480,6.0,0.0,9.0
1481,6.0,3.0,5.0
1482,6.0,3.0,-1.0
1483,6.0,-1.0,-1.0
1484,6.0,-1.0,3.0
1485,6.0,2.0,9.0
1486,-1.0,-1.0,9.0
1487,6.0,-1.0,0.0
1488,4.0,3.0,9.0
1489,4.0,3.0,9.0
1490,1.0,3.0,9.0
1491,-1.0,0.0,9.0
1492,6.0,1.0,9.0
1493,6.0,0.0,9.0
1494,6.0,3.0,8.0
1495,6.0,1.0,-1.0
1496,1.0,-1.0,-1.0
1497,6.0,2.0,9.0
1498,-1.0,3.0,9.0
1499,2.0,-1.0,9.0
1500,0.0,3.0,9.0
1501,6.0,0.0,9.0
1502,4.0,3.0,9.0
1503,2.0,3.0,9.0
1504,0.0,3.0,9.0
1505,6.0,1.0,9.0
1506,4.0,3.0,-1.0
1507,6.0,1.0,9.0
1508,6.0,2.0,9.0
1509,-1.0,3.0,9.0
1510,0.0,3.0,9.0
1511,6.0,-1.0,9.0
1512,-1.0,3.0,9.0
1513,6.0,0.0,-1.0
1514,-1.0,3.0,9.0
1515,6.0,-1.0,-1.0
1516,6.0,-1.0,9.0
1517,3.0,-1.0,9.0
1518,1.0,3.0,9.0
1519,5.0,-1.0,9.0
1520,2.0,3.0,9.0
1521,6.0,-1.0,9.0
1522,6.0,0.0,-1.0
1523,6.0,3.0,-1.0
1524,4.0,3.0,9.0
1525,1.0,3.0,9.0
1526,1.0,3.0,9.0
1527,4.0,3.0,9.0
1528,4.0,3.0,9.0
1529,6.0,3.0,6.0
1530,0.0,3.0,9.0
1531,6.0,1.0,-1.0
1532,-1.0,3.0,9.0
1533,6.0,3.0,-1.0
1534,6.0,3.0,9.0
1535,6.0,3.0,6.0
1536,1.0,3.0,9.0
1537,4.0,3.0,9.0
1538,-1.0,-1.0,9.0
1539,6.0,3.0,9.0
1540,-1.0,3.0,4.0
1541,5.0,3.0,9.0
1542,-1.0,-1.0,3.0
1543,4.0,3.0,9.0
1544,0.0,3.0,-1.0
1545,-1.0,-1.0,9.0
1546,-1.0,2.0,9.0
1547,-1.0,-1.0,9.0
1548,6.0,3.0,9.0
1549,6.0,3.0,6.0
1550,4.0,3.0,9.0
1551,1.0,3.0,9.0
1552,-1.0,3.0,9.0
1553,6.0,3.0,9.0
1554,6.0,3.0,0.0
1555,6.0,0.0,9.0
1556,6.0,3.0,9.0
1557,6.0,-1.0,9.0
1558,-1.0,3.0,9.0
1559,-1.0,3.0,9.0
1560,6.0,3.0,9.0
1561,6.0,3.0,9.0
1562,4.0,-1.0,9.0
1563,-1.0,0.0,9.0
1564,6.0,3.0,9.0
1565,6.0,3.0,9.0
1566,4.0,3.0,9.0
1567,4.0,3.0,-1.0
1568,3.0,3.0,9.0
1569,6.0,3.0,1.0
1570,2.0,3.0,-1.0
1571,-1.0,-1.0,6.0
1572,-1.0,-1.0,-1.0
1573,1.0,3.0,9.0
1574,-1.0,3.0,4.0
1575,1.0,3.0,9.0
1576,-1.0,3.0,-1.0
1577,6.0,3.0,3.0
1578,6.0,3.0,5.0
1579,6.0,3.0,3.0
1580,6.0,3.0,9.0
1581,-1.0,3.0,9.0
1582,6.0,3.0,0.0
1583,-1.0,2.0,9.0
1584,6.0,3.0,5.0
1585,2.0,3.0,9.0
1586,6.0,1.0,9.0
1587,6.0,0.0,9.0
1588,-1.0,3.0,6.0
1589,6.0,2.0,9.0
1590,5.0,3.0,-1.0
1591,6.0,-1.0,9.0
1592,6.0,1.0,9.0
1593,6.0,-1.0,-1.0
1594,5.0,3.0,9.0
1595,6.0,3.0,-1.0
1596,3.0,3.0,9.0
1597,6.0,3.0,9.0
1598,6.0,3.0,9.0
1599,0.0,3.0,9.0
1600,6.0,3.0,6.0
1601,0.0,3.0,9.0
1602,6.0,-1.0,6.0
1603,6.0,3.0,-1.0
1604,2.0,3.0,9.0
1605,6.0,2.0,-1.0
1606,6.0,3.0,9.0
1607,6.0,1.0,9.0
1608,6.0,3.0,2.0
1609,6.0,0.0,9.0
1610,6.0,3.0,1.0
1611,5.0,3.0,9.0
1612,-1.0,3.0,9.0
1613,2.0,3.0,9.0
1614,3.0,-1.0,9.0
1615,-1.0,-1.0,9.0
1616,6.0,3.0,3.0
1617,6.0,1.0,9.0
1618,6.0,2.0,9.0
1619,3.0,3.0,9.0
1620,4.0,3.0,-1.0
1621,0.0,3.0,9.0
1622,6.0,0.0,9.0
1623,6.0,0.0,9.0
1624,6.0,1.0,9.0
1625,-1.0,3.0,9.0
1626,6.0,3.0,-1.0
1627,-1.0,3.0,9.0
1628,6.0,2.0,9.0
1629,3.0,3.0,9.0
1630,3.0,3.0,9.0
1631,6.0,-1.0,9.0
1632,6.0,2.0,-1.0
1633,5.0,-1.0,9.0
1634,6.0,3.0,9.0
1635,6.0,3.0,2.0
1636,5.0,3.0,9.0
1637,6.0,3.0,9.0
1638,6.0,3.0,3.0
1639,-1.0,3.0,8.0
1640,6.0,-1.0,6.0
1641,1.0,3.0,9.0
1642,6.0,0.0,-1.0
1643,4.0,3.0,9.0
1644,1.0,3.0,9.0
1645,0.0,-1.0,9.0
1646,2.0,3.0,-1.0
1647,5.0,3.0,9.0
1648,-1.0,3.0,9.0
1649,6.0,3.0,9.0
1650,5.0,-1.0,9.0
1651,5.0,3.0,9.0
1652,6.0,3.0,-1.0
1653,6.0,2.0,9.0
1654,-1.0,3.0,9.0
1655,-1.0,3.0,9.0
1656,-1.0,3.0,5.0
1657,6.0,3.0,6.0
1658,6.0,3.0,-1.0
1659,1.0,3.0,9.0
1660,6.0,-1.0,9.0
1661,6.0,3.0,2.0
1662,6.0,3.0,9.0
1663,6.0,-1.0,9.0
1664,6.0,3.0,-1.0
1665,6.0,-1.0,-1.0
1666,4.0,-1.0,9.0
1667,-1.0,3.0,9.0
1668,1.0,3.0,9.0
1669,6.0,3.0,6.0
1670,6.0,1.0,-1.0
1671,1.0,3.0,9.0
1672,1.0,3.0,-1.0
1673,2.0,3.0,9.0
1674,6.0,3.0,-1.0
1675,6.0,3.0,9.0
1676,5.0,3.0,9.0
1677,4.0,-1.0,-1.0
1678,2.0,3.0,9.0
1679,-1.0,3.0,9.0
1680,-1.0,3.0,3.0
1681,5.0,3.0,9.0
1682,6.0,3.0,9.0
1683,6.0,0.0,9.0
1684,6.0,0.0,9.0
1685,-1.0,-1.0,-1.0
1686,-1.0,3.0,4.0
1687,1.0,3.0,9.0
1688,6.0,3.0,7.0
1689,1.0,3.0,9.0
1690,6.0,-1.0,5.0
1691,3.0,3.0,9.0
1692,6.0,3.0,3.0
1693,6.0,1.0,9.0
1694,3.0,3.0,9.0
1695,0.0,3.0,9.0
1696,6.0,2.0,9.0
1697,-1.0,3.0,9.0
1698,3.0,-1.0,9.0
1699,6.0,3.0,5.0
1700,1.0,3.0,9.0
1701,-1.0,3.0,9.0
1702,6.0,-1.0,9.0
1703,6.0,2.0,9.0
1704,3.0,3.0,9.0
1705,6.0,3.0,7.0
1706,6.0,-1.0,8.0
1707,6.0,1.0,-1.0
1708,3.0,3.0,9.0
1709,4.0,3.0,9.0
1710,6.0,2.0,9.0
1711,6.0,3.0,4.0
1712,6.0,3.0,4.0
1713,6.0,3.0,2.0
1714,2.0,3.0,-1.0
1715,-1.0,3.0,-1.0
1716,-1.0,2.0,9.0
1717,-1.0,3.0,3.0
1718,-1.0,3.0,9.0
1719,3.0,3.0,9.0
1720,1.0,3.0,9.0
1721,-1.0,0.0,9.0
1722,-1.0,-1.0,-1.0
1723,-1.0,3.0,9.0
1724,4.0,-1.0,9.0
1725,6.0,2.0,9.0
1726,6.0,3.0,9.0
1727,6.0,1.0,9.0
1728,-1.0,3.0,-1.0
1729,6.0,3.0,4.0
1730,6.0,1.0,9.0
1731,5.0,3.0,-1.0
1732,1.0,3.0,-1.0
1733,-1.0,-1.0,-1.0
1734,2.0,-1.0,9.0
1735,4.0,3.0,-1.0
1736,3.0,3.0,9.0
1737,6.0,3.0,-1.0
1738,2.0,-1.0,9.0
1739,-1.0,3.0,-1.0
1740,6.0,1.0,-1.0
1741,6.0,-1.0,9.0
1742,-1.0,2.0,9.0
1743,-1.0,3.0,9.0
1744,6.0,-1.0,9.0
1745,1.0,3.0,9.0
1746,-1.0,3.0,3.0
1747,6.0,-1.0,9.0
1748,-1.0,2.0,9.0
1749,3.0,3.0,-1.0
1750,6.0,3.0,9.0
1751,6.0,-1.0,1.0
1752,1.0,3.0,9.0
1753,6.0,3.0,2.0
1754,2.0,3.0,-1.0
1755,-1.0,3.0,-1.0
1756,4.0,-1.0,9.0
1757,6.0,1.0,9.0
1758,6.0,1.0,9.0
1759,-1.0,-1.0,-1.0
1760,-1.0,3.0,9.0
1761,6.0,3.0,-1.0
1762,6.0,3.0,5.0
1763,-1.0,3.0,9.0
1764,6.0,-1.0,5.0
1765,6.0,3.0,9.0
1766,0.0,-1.0,9.0
1767,1.0,3.0,9.0
1768,3.0,-1.0,-1.0
1769,-1.0,3.0,9.0
1770,-1.0,3.0,9.0
1771,-1.0,3.0,9.0
1772,6.0,2.0,9.0
1773,3.0,3.0,-1.0
1774,6.0,3.0,9.0
1775,0.0,-1.0,-1.0
1776,-1.0,0.0,9.0
1777,4.0,3.0,9.0
1778,6.0,2.0,9.0
1779,6.0,-1.0,9.0
1780,3.0,3.0,9.0
1781,0.0,3.0,-1.0
1782,2.0,3.0,9.0
1783,5.0,3.0,9.0
1784,5.0,3.0,9.0
1785,6.0,-1.0,5.0
1786,2.0,3.0,9.0
